trial,layer,M,N,K,time_us,tflops,effective_gbps,ai_flop_per_byte,compute_roof_tflops,memory_roof_tflops,roof_tflops,model_limit,tc_peak_pct,memory_roof_pct
1,f_b_proj,1,1536,128,4.1,0.1,95.9,0.991607,2250,7.932860,7.932860,memory,0.0,1.2
1,f_b_proj,8,1536,128,6.2,0.5,68.3,7.492683,2250,59.941463,59.941463,memory,0.0,0.9
1,f_b_proj,16,1536,128,4.2,1.5,106.0,14.091743,2250,112.733945,112.733945,memory,0.1,1.3
1,f_b_proj,64,1536,128,4.2,5.9,143.2,41.513514,2250,332.108108,332.108108,memory,0.3,1.8
1,f_b_proj,256,1536,128,4.2,24.1,297.7,80.842105,2250,646.736842,646.736842,memory,1.1,3.7
1,f_b_proj,1024,1536,128,4.7,86.3,815.0,105.931034,2250,847.448276,847.448276,memory,3.8,10.2
1,f_b_proj,4096,1536,128,8.1,199.5,1737.0,114.841121,2250,918.728972,918.728972,memory,8.9,21.7
1,f_b_proj,16384,1536,128,19.2,335.3,2858.7,117.307876,2250,938.463007,938.463007,memory,14.9,35.7
1,f_b_proj,65536,1536,128,62.1,414.9,3517.7,117.941212,2250,943.529694,943.529694,memory,18.4,44.0
1,q_b_proj,1,2304,1536,12.4,0.6,569.2,0.998916,2250,7.991329,7.991329,memory,0.0,7.1
1,q_b_proj,8,2304,1536,8.1,7.0,880.7,7.931153,2250,63.449225,63.449225,memory,0.3,11.0
1,q_b_proj,16,2304,1536,5.6,20.1,1277.4,15.726962,2250,125.815700,125.815700,memory,0.9,16.0
1,q_b_proj,64,2304,1536,5.7,79.8,1333.1,59.844156,2250,478.753247,478.753247,memory,3.5,16.7
1,q_b_proj,256,2304,1536,6.1,296.7,1480.9,200.347826,2250,1602.782609,1602.782609,memory,13.2,18.5
1,q_b_proj,1024,2304,1536,10.1,720.6,1485.7,485.052632,2250,3880.421053,2250.000000,compute,32.0,18.6
1,q_b_proj,4096,2304,1536,28.2,1027.8,1366.1,752.326531,2250,6018.612245,2250.000000,compute,45.7,17.1
1,q_b_proj,16384,2304,1536,97.0,1195.1,1369.7,872.520710,2250,6980.165680,2250.000000,compute,53.1,17.1
1,q_b_proj,65536,2304,1536,366.6,1265.1,1392.0,908.819723,2250,7270.557781,2250.000000,compute,56.2,17.4
1,o_proj,1,7168,1536,6.3,3.5,3485.6,0.999210,2250,7.993681,7.993681,memory,0.2,43.6
1,o_proj,8,7168,1536,5.8,30.6,3847.6,7.949723,2250,63.597782,63.597782,memory,1.4,48.1
1,o_proj,16,7168,1536,5.8,60.4,3824.9,15.800147,2250,126.401176,126.401176,memory,2.7,47.8
1,o_proj,64,7168,1536,7.3,192.3,3156.9,60.917847,2250,487.342776,487.342776,memory,8.5,39.5
1,o_proj,256,7168,1536,10.0,566.4,2660.0,212.910891,2250,1703.287129,1703.287129,memory,25.2,33.3
1,o_proj,1024,7168,1536,27.9,808.9,1429.4,565.894737,2250,4527.157895,2250.000000,compute,35.9,17.9
1,o_proj,4096,7168,1536,75.5,1195.4,1236.9,966.471910,2250,7731.775281,2250.000000,compute,53.1,15.5
1,o_proj,16384,7168,1536,287.5,1254.9,1068.7,1174.279863,2250,9394.238908,2250.000000,compute,55.8,13.4
1,o_proj,65536,7168,1536,1100.6,1311.2,1056.6,1240.988278,2250,9927.906222,2250.000000,compute,58.3,13.2
1,fused_qkv_a_proj,1,2112,7168,10.2,3.0,2964.3,0.999387,2250,7.995099,7.995099,memory,0.1,37.1
1,fused_qkv_a_proj,8,2112,7168,10.2,23.6,2969.4,7.960960,2250,63.687679,63.687679,memory,1.1,37.1
1,fused_qkv_a_proj,16,2112,7168,10.5,46.2,2912.7,15.844598,2250,126.756782,126.756782,memory,2.1,36.4
1,fused_qkv_a_proj,64,2112,7168,14.2,136.7,2219.3,61.583963,2250,492.671700,492.671700,memory,6.1,27.7
1,fused_qkv_a_proj,256,2112,7168,17.2,450.4,2035.5,221.275959,2250,1770.207671,1770.207671,memory,20.0,25.4
1,fused_qkv_a_proj,1024,2112,7168,35.1,883.7,1404.7,629.106383,2250,5032.851064,2250.000000,compute,39.3,17.6
1,fused_qkv_a_proj,4096,2112,7168,112.3,1104.2,946.4,1166.678175,2250,9333.425401,2250.000000,compute,49.1,11.8
1,fused_qkv_a_proj,16384,2112,7168,425.2,1166.7,786.4,1483.615837,2250,11868.926695,2250.000000,compute,51.9,9.8
1,fused_qkv_a_proj,65536,2112,7168,1521.5,1304.2,819.4,1591.716539,2250,12733.732310,2250.000000,compute,58.0,10.2
1,in_proj_qkvgfab,1,6288,7168,19.5,4.6,4622.4,0.999702,2250,7.997612,7.997612,memory,0.2,57.8
1,in_proj_qkvgfab,8,6288,7168,18.9,38.2,4790.4,7.980939,2250,63.847511,63.847511,memory,1.7,59.9
1,in_proj_qkvgfab,16,6288,7168,19.8,72.8,4568.8,15.923937,2250,127.391493,127.391493,memory,3.2,57.1
1,in_proj_qkvgfab,64,6288,7168,18.5,312.3,4973.1,62.800098,2250,502.400785,502.400785,memory,13.9,62.2
1,in_proj_qkvgfab,256,6288,7168,26.8,862.3,3625.7,237.823892,2250,1902.591136,1902.591136,memory,38.3,45.3
1,in_proj_qkvgfab,1024,6288,7168,79.1,1166.4,1487.3,784.249443,2250,6273.995546,2250.000000,compute,51.8,18.6
1,in_proj_qkvgfab,4096,6288,7168,321.2,1149.7,623.9,1842.697629,2250,14741.581030,2250.000000,compute,51.1,7.8
1,in_proj_qkvgfab,16384,6288,7168,1161.5,1271.6,457.2,2781.044240,2250,22248.353921,2250.000000,compute,56.5,5.7
1,in_proj_qkvgfab,65536,6288,7168,4575.6,1291.1,405.2,3186.735060,2250,25493.880477,2250.000000,compute,57.4,5.1
1,dense_down_proj,1,7168,8448,27.8,4.4,4363.6,0.999742,2250,7.997937,7.997937,memory,0.2,54.5
1,dense_down_proj,8,7168,8448,25.8,37.6,4703.8,7.983530,2250,63.868237,63.868237,memory,1.7,58.8
1,dense_down_proj,16,7168,8448,26.6,72.9,4578.1,15.934254,2250,127.474032,127.474032,memory,3.2,57.2
1,dense_down_proj,64,7168,8448,29.9,259.4,4120.0,62.960873,2250,503.686984,503.686984,memory,11.5,51.5
1,dense_down_proj,256,7168,8448,33.9,914.0,3806.2,240.146193,2250,1921.169543,1921.169543,memory,40.6,47.6
1,dense_down_proj,1024,7168,8448,132.3,937.2,1156.9,810.082192,2250,6480.657534,2250.000000,compute,41.7,14.5
1,dense_down_proj,4096,7168,8448,389.3,1274.4,639.8,1991.949474,2250,15935.595789,2250.000000,compute,56.6,8.0
1,dense_down_proj,16384,7168,8448,1552.2,1278.3,407.7,3135.628832,2250,25085.030655,2250.000000,compute,56.8,5.1
1,dense_down_proj,65536,7168,8448,6019.9,1318.5,360.1,3661.140508,2250,29289.124063,2250.000000,compute,58.6,4.5
1,dense_gate_up_proj,1,16896,7168,42.7,5.7,5675.6,0.999801,2250,7.998411,7.998411,memory,0.3,70.9
1,dense_gate_up_proj,8,16896,7168,39.6,48.9,6127.4,7.987304,2250,63.898430,63.898430,memory,2.2,76.6
1,dense_gate_up_proj,16,16896,7168,40.8,95.1,5962.2,15.949295,2250,127.594363,127.594363,memory,4.2,74.5
1,dense_gate_up_proj,64,16896,7168,42.3,366.9,5805.2,63.196367,2250,505.570932,505.570932,memory,16.3,72.6
1,dense_gate_up_proj,256,16896,7168,61.1,1014.1,4163.0,243.608651,2250,1948.869207,1948.869207,memory,45.1,52.0
1,dense_gate_up_proj,1024,16896,7168,217.3,1141.6,1341.7,850.877698,2250,6807.021583,2250.000000,compute,50.7,16.8
1,dense_gate_up_proj,4096,16896,7168,849.7,1167.7,517.1,2258.176611,2250,18065.412888,2250.000000,compute,51.9,6.5
1,dense_gate_up_proj,16384,16896,7168,3045.8,1302.9,338.4,3850.156663,2250,30801.253306,2250.000000,compute,57.9,4.2
1,dense_gate_up_proj,65536,16896,7168,12000.5,1322.8,283.0,4673.916641,2250,37391.333128,2250.000000,compute,58.8,3.5
2,f_b_proj,1,1536,128,3.9,0.1,101.4,0.991607,2250,7.932860,7.932860,memory,0.0,1.3
2,f_b_proj,8,1536,128,6.2,0.5,68.2,7.492683,2250,59.941463,59.941463,memory,0.0,0.9
2,f_b_proj,16,1536,128,3.9,1.6,113.4,14.091743,2250,112.733945,112.733945,memory,0.1,1.4
2,f_b_proj,64,1536,128,3.9,6.5,155.7,41.513514,2250,332.108108,332.108108,memory,0.3,1.9
2,f_b_proj,256,1536,128,3.9,25.6,316.7,80.842105,2250,646.736842,646.736842,memory,1.1,4.0
2,f_b_proj,1024,1536,128,4.7,86.3,814.8,105.931034,2250,847.448276,847.448276,memory,3.8,10.2
2,f_b_proj,4096,1536,128,8.1,199.0,1732.6,114.841121,2250,918.728972,918.728972,memory,8.8,21.7
2,f_b_proj,16384,1536,128,19.2,335.5,2859.7,117.307876,2250,938.463007,938.463007,memory,14.9,35.7
2,f_b_proj,65536,1536,128,62.1,414.9,3517.5,117.941212,2250,943.529694,943.529694,memory,18.4,44.0
2,q_b_proj,1,2304,1536,12.4,0.6,570.2,0.998916,2250,7.991329,7.991329,memory,0.0,7.1
2,q_b_proj,8,2304,1536,8.1,7.0,879.7,7.931153,2250,63.449225,63.449225,memory,0.3,11.0
2,q_b_proj,16,2304,1536,5.6,20.1,1275.0,15.726962,2250,125.815700,125.815700,memory,0.9,15.9
2,q_b_proj,64,2304,1536,5.7,79.8,1333.2,59.844156,2250,478.753247,478.753247,memory,3.5,16.7
2,q_b_proj,256,2304,1536,6.1,296.1,1478.2,200.347826,2250,1602.782609,1602.782609,memory,13.2,18.5
2,q_b_proj,1024,2304,1536,9.9,729.5,1503.9,485.052632,2250,3880.421053,2250.000000,compute,32.4,18.8
2,q_b_proj,4096,2304,1536,28.4,1022.0,1358.4,752.326531,2250,6018.612245,2250.000000,compute,45.4,17.0
2,q_b_proj,16384,2304,1536,97.1,1193.9,1368.3,872.520710,2250,6980.165680,2250.000000,compute,53.1,17.1
2,q_b_proj,65536,2304,1536,366.9,1264.4,1391.3,908.819723,2250,7270.557781,2250.000000,compute,56.2,17.4
2,o_proj,1,7168,1536,6.3,3.5,3480.1,0.999210,2250,7.993681,7.993681,memory,0.2,43.5
2,o_proj,8,7168,1536,5.8,30.6,3847.8,7.949723,2250,63.597782,63.597782,memory,1.4,48.1
2,o_proj,16,7168,1536,5.9,60.2,3810.3,15.800147,2250,126.401176,126.401176,memory,2.7,47.6
2,o_proj,64,7168,1536,7.4,191.3,3139.5,60.917847,2250,487.342776,487.342776,memory,8.5,39.2
2,o_proj,256,7168,1536,10.1,557.7,2619.3,212.910891,2250,1703.287129,1703.287129,memory,24.8,32.7
2,o_proj,1024,7168,1536,28.0,806.5,1425.2,565.894737,2250,4527.157895,2250.000000,compute,35.8,17.8
2,o_proj,4096,7168,1536,75.3,1197.4,1238.9,966.471910,2250,7731.775281,2250.000000,compute,53.2,15.5
2,o_proj,16384,7168,1536,287.4,1255.4,1069.0,1174.279863,2250,9394.238908,2250.000000,compute,55.8,13.4
2,o_proj,65536,7168,1536,1100.5,1311.3,1056.7,1240.988278,2250,9927.906222,2250.000000,compute,58.3,13.2
2,fused_qkv_a_proj,1,2112,7168,10.2,3.0,2958.4,0.999387,2250,7.995099,7.995099,memory,0.1,37.0
2,fused_qkv_a_proj,8,2112,7168,10.3,23.6,2959.2,7.960960,2250,63.687679,63.687679,memory,1.0,37.0
2,fused_qkv_a_proj,16,2112,7168,10.5,46.0,2902.8,15.844598,2250,126.756782,126.756782,memory,2.0,36.3
2,fused_qkv_a_proj,64,2112,7168,14.2,136.5,2216.1,61.583963,2250,492.671700,492.671700,memory,6.1,27.7
2,fused_qkv_a_proj,256,2112,7168,17.2,451.5,2040.4,221.275959,2250,1770.207671,1770.207671,memory,20.1,25.5
2,fused_qkv_a_proj,1024,2112,7168,34.9,887.3,1410.4,629.106383,2250,5032.851064,2250.000000,compute,39.4,17.6
2,fused_qkv_a_proj,4096,2112,7168,111.8,1109.4,950.9,1166.678175,2250,9333.425401,2250.000000,compute,49.3,11.9
2,fused_qkv_a_proj,16384,2112,7168,428.0,1158.9,781.1,1483.615837,2250,11868.926695,2250.000000,compute,51.5,9.8
2,fused_qkv_a_proj,65536,2112,7168,1521.6,1304.1,819.3,1591.716539,2250,12733.732310,2250.000000,compute,58.0,10.2
2,in_proj_qkvgfab,1,6288,7168,19.5,4.6,4612.8,0.999702,2250,7.997612,7.997612,memory,0.2,57.7
2,in_proj_qkvgfab,8,6288,7168,18.8,38.4,4807.4,7.980939,2250,63.847511,63.847511,memory,1.7,60.1
2,in_proj_qkvgfab,16,6288,7168,19.8,72.8,4573.5,15.923937,2250,127.391493,127.391493,memory,3.2,57.2
2,in_proj_qkvgfab,64,6288,7168,18.4,313.0,4983.8,62.800098,2250,502.400785,502.400785,memory,13.9,62.3
2,in_proj_qkvgfab,256,6288,7168,26.8,860.8,3619.4,237.823892,2250,1902.591136,1902.591136,memory,38.3,45.2
2,in_proj_qkvgfab,1024,6288,7168,78.7,1172.5,1495.0,784.249443,2250,6273.995546,2250.000000,compute,52.1,18.7
2,in_proj_qkvgfab,4096,6288,7168,321.0,1150.2,624.2,1842.697629,2250,14741.581030,2250.000000,compute,51.1,7.8
2,in_proj_qkvgfab,16384,6288,7168,1160.7,1272.5,457.6,2781.044240,2250,22248.353921,2250.000000,compute,56.6,5.7
2,in_proj_qkvgfab,65536,6288,7168,4570.9,1292.5,405.6,3186.735060,2250,25493.880477,2250.000000,compute,57.4,5.1
2,dense_down_proj,1,7168,8448,27.9,4.3,4348.4,0.999742,2250,7.997937,7.997937,memory,0.2,54.4
2,dense_down_proj,8,7168,8448,25.7,37.6,4713.2,7.983530,2250,63.868237,63.868237,memory,1.7,58.9
2,dense_down_proj,16,7168,8448,26.5,73.1,4587.0,15.934254,2250,127.474032,127.474032,memory,3.2,57.3
2,dense_down_proj,64,7168,8448,29.9,259.1,4115.8,62.960873,2250,503.686984,503.686984,memory,11.5,51.4
2,dense_down_proj,256,7168,8448,33.9,915.4,3811.9,240.146193,2250,1921.169543,1921.169543,memory,40.7,47.6
2,dense_down_proj,1024,7168,8448,132.3,937.2,1156.9,810.082192,2250,6480.657534,2250.000000,compute,41.7,14.5
2,dense_down_proj,4096,7168,8448,389.7,1273.0,639.1,1991.949474,2250,15935.595789,2250.000000,compute,56.6,8.0
2,dense_down_proj,16384,7168,8448,1551.7,1278.8,407.8,3135.628832,2250,25085.030655,2250.000000,compute,56.8,5.1
2,dense_down_proj,65536,7168,8448,6019.1,1318.6,360.2,3661.140508,2250,29289.124063,2250.000000,compute,58.6,4.5
2,dense_gate_up_proj,1,16896,7168,42.7,5.7,5674.9,0.999801,2250,7.998411,7.998411,memory,0.3,70.9
2,dense_gate_up_proj,8,16896,7168,39.7,48.9,6116.3,7.987304,2250,63.898430,63.898430,memory,2.2,76.5
2,dense_gate_up_proj,16,16896,7168,40.7,95.2,5966.0,15.949295,2250,127.594363,127.594363,memory,4.2,74.6
2,dense_gate_up_proj,64,16896,7168,42.3,366.8,5803.7,63.196367,2250,505.570932,505.570932,memory,16.3,72.5
2,dense_gate_up_proj,256,16896,7168,61.1,1015.0,4166.5,243.608651,2250,1948.869207,1948.869207,memory,45.1,52.1
2,dense_gate_up_proj,1024,16896,7168,217.6,1139.8,1339.6,850.877698,2250,6807.021583,2250.000000,compute,50.7,16.7
2,dense_gate_up_proj,4096,16896,7168,850.0,1167.2,516.9,2258.176611,2250,18065.412888,2250.000000,compute,51.9,6.5
2,dense_gate_up_proj,16384,16896,7168,3045.6,1303.0,338.4,3850.156663,2250,30801.253306,2250.000000,compute,57.9,4.2
2,dense_gate_up_proj,65536,16896,7168,12005.6,1322.2,282.9,4673.916641,2250,37391.333128,2250.000000,compute,58.8,3.5
